{"cameraMode":{"drawMode":0,"name":"Shaded","section":"Shading Mode"},"sceneLighting":false,"audioPlay":false,"sceneViewState":{"m_AlwaysRefresh":false,"showFog":true,"showSkybox":false,"showFlares":true,"showImageEffects":true,"showParticleSystems":true,"showVisualEffectGraphs":true,"m_FxEnabled":true},"in2DMode":false,"pivot":{"x":3.7554218769073488,"y":-10.572907447814942,"z":19.780120849609376},"rotation":{"x":0.319785475730896,"y":0.002285965019837022,"z":-0.0007843711064197123,"w":0.9474963545799255},"size":16.35102653503418,"orthographic":false}