{"cameraMode":{"drawMode":0,"name":"Shaded","section":"Shading Mode"},"sceneLighting":true,"audioPlay":false,"sceneViewState":{"m_AlwaysRefresh":false,"showFog":true,"showSkybox":true,"showFlares":true,"showImageEffects":true,"showParticleSystems":true,"showVisualEffectGraphs":true,"m_FxEnabled":true},"in2DMode":false,"pivot":{"x":2.8642313480377199,"y":-2.3816745281219484,"z":0.040929555892944339},"rotation":{"x":-0.27842670679092409,"y":0.5402478575706482,"z":-0.1954253613948822,"w":-0.7696905732154846},"size":11.277902603149414,"orthographic":true}